{"0.11862740152215845":{"user_id":2},"0.6818550432990436":{"user_id":2},"0.6019717538764651":{"user_id":1},"0.12704606526562734":{"user_id":2},"0.13809174786412126":{"user_id":1},"0.03622148482468979":{"user_id":2},"0.7918404209235685":{"user_id":4},"0.9801692130114685":{"user_id":1}}